entry_id,run_id,from_team,to_team,timestamp_utc,input_refs,output_ref,change_request_ids,blocking_flags,notes,supersedes_entry_id
1,run_2026-02-10_001,blue,red,2026-02-10T00:00:00Z,[],pipeline/01_blue_output.md,[],[],scaffold entry,
2,run_2026-02-10_001,blue,red,2026-02-10T21:54:03Z,"[""teams/blue/prompt.md"",""teams/blue/spec.md""]",pipeline/01_blue_output.md,"[""CR-0002"",""CR-0003"",""CR-0004"",""CR-0005"",""CR-0006""]",[],blue intent memo + downstream requests; handoff payload complete,
3,run_2026-02-10_001,red,green,2026-02-10T22:02:17Z,"[""pipeline/01_blue_output.md"", ""teams/red/prompt.md"", ""teams/red/spec.md""]",pipeline/02_red_output.md,"[""CR-0007"", ""CR-0008"", ""CR-0009"", ""CR-0010""]",[],red risk package complete; handoff payload fields satisfied,
4,run_2026-02-10_001,white,grey,2026-02-10T22:08:42Z,"[""pipeline/01_blue_output.md"", ""pipeline/02_red_output.md"", ""teams/white/prompt.md"", ""teams/white/spec.md""]",pipeline/05_white_output.md,"[""CR-0011"", ""CR-0012""]","[""MISSING_STAGE_OUTPUT_GREEN"", ""MISSING_STAGE_OUTPUT_BLACK""]",white definitions + terminology normalization complete; CR-0005/CR-0009 addressed with implementation-ready requests for qa_fixer; awaiting grey prioritization,
5,run_2026-02-10_001,white,grey,2026-02-10T22:10:04Z,"[""pipeline/01_blue_output.md"", ""pipeline/02_red_output.md"", ""teams/white/prompt.md"", ""teams/white/spec.md"", ""pipeline/05_white_output.md""]",pipeline/05_white_output.md,"[""CR-0018"", ""CR-0019""]","[""MISSING_STAGE_OUTPUT_GREEN"", ""MISSING_STAGE_OUTPUT_BLACK""]",superseding entry 4 to resolve duplicate CR ID collision; white implementation requests renumbered for deterministic queue handling,4
6,run_2026-02-10_001,green,black,2026-02-10T22:13:36Z,"[""pipeline/01_blue_output.md"", ""pipeline/02_red_output.md"", ""pipeline/05_white_output.md"", ""teams/green/prompt.md"", ""teams/green/spec.md""]",pipeline/03_green_output.md,"[""CR-GREEN-0001"", ""CR-GREEN-0002"", ""CR-GREEN-0003""]",[],green stage complete; first-time-user friction package and constraint-bound requests issued for black/white, 
7,run_2026-02-10_001,black,white,2026-02-10T22:18:39Z,"[""pipeline/01_blue_output.md"", ""pipeline/02_red_output.md"", ""pipeline/03_green_output.md"", ""planning/RELEASE_GATES_POLICY.md"", ""planning/BUDGET_GUARDRAILS_STANDARD.md"", ""planning/AGENT_ROLE_CONTRACTS.md"", ""planning/ROLE_ESCALATION_PROTOCOL.md"", ""teams/shared/OPERATING_DOCTRINE.md"", ""teams/shared/HANDOFF_PROTOCOL.md"", ""teams/shared/PIPELINE_RUNBOOK.md""]",pipeline/04_black_output.md,"[""CR-BLACK-0001"", ""CR-BLACK-0002"", ""CR-BLACK-0003"", ""CR-BLACK-0004""]","[""RELEASE_GATE_LOG_EMPTY"", ""BUDGET_ENVELOPE_ARTIFACT_UNDECLARED""]","black stage complete; hard/advisory constraints declared with owner+enforcement path; handoff payload includes output_summary, risks_or_open_questions, and done_criteria",
8,run_2026-02-10_001,white,grey,2026-02-10T22:30:51Z,"[""pipeline/01_blue_output.md"", ""pipeline/02_red_output.md"", ""pipeline/03_green_output.md"", ""pipeline/04_black_output.md"", ""pipeline/05_white_output.md"", ""data/team_ops/change_request_queue.csv""]",pipeline/05_white_output.md,"[""CR-WHITE-0001"", ""CR-WHITE-0002""]",[],white completion package appended; all currently open white-assigned requests marked done with fulfillment evidence in stage-05 output,
7,run_2026-02-10_001,green,black,2026-02-10T22:35:20Z,"[""pipeline/01_blue_output.md"", ""pipeline/02_red_output.md"", ""pipeline/05_white_output.md"", ""pipeline/03_green_output.md"", ""teams/green/spec.md""]",pipeline/03_green_output.md,"[""CR-GREEN-0004"", ""CR-GREEN-0005"", ""CR-GREEN-0006""]",[],green completed CR-0003/CR-0007/CR-0013/CR-0025-BLUE and issued downstream constraint/definition/synthesis requests, 
9,run_2026-02-10_001,black,white,2026-02-10T22:37:29Z,"[""pipeline/01_blue_output.md"", ""pipeline/02_red_output.md"", ""pipeline/03_green_output.md"", ""pipeline/05_white_output.md"", ""planning/BUDGET_GUARDRAILS_STANDARD.md"", ""planning/RELEASE_GATES_POLICY.md"", ""planning/AGENT_ROLE_CONTRACTS.md"", ""teams/shared/OPERATING_DOCTRINE.md"", ""teams/shared/HANDOFF_PROTOCOL.md""]",pipeline/04_black_output.md,"[""CR-0004"", ""CR-0008"", ""CR-GREEN-0001"", ""CR-GREEN-0003"", ""CR-0026-BLUE"", ""CR-RED-0016""]","[]","black fulfillment addendum appended; all currently open black-assigned requests marked done via append-only superseding rows",""
10,run_2026-02-10_001,black,white,2026-02-10T22:38:41Z,"[""pipeline/03_green_output.md"", ""pipeline/01_blue_output.md"", ""pipeline/02_red_output.md"", ""planning/RELEASE_GATES_POLICY.md"", ""teams/shared/HANDOFF_PROTOCOL.md""]",pipeline/04_black_output.md,"[""CR-GREEN-0004""]","[]","black completed CR-GREEN-0004 with context-bound voice constraints and mode-label gating",""
11,run_2026-02-10_001,grey,qa_fixer,2026-02-10T22:45:06Z,"[""pipeline/01_blue_output.md"", ""pipeline/02_red_output.md"", ""pipeline/03_green_output.md"", ""pipeline/04_black_output.md"", ""pipeline/05_white_output.md"", ""pipeline/06_grey_output.md"", ""data/team_ops/change_request_queue.csv""]",pipeline/06_grey_output.md,"[""CR-0018"", ""CR-0019"", ""CR-BLACK-0001"", ""CR-BLACK-0002"", ""CR-BLACK-0003"", ""CR-BLACK-0004"", ""CR-WHITE-0001"", ""CR-WHITE-0002"", ""CR-WHITE-0003""]",[],grey integrated directive complete; prioritized QA bundle issued with explicit acceptance refs,
12,run_2026-02-10_001,blue,red,2026-02-10T22:58:31Z,"[""planning/BLUE_SYSTEM_SKELETON_2026-02-10_to_2026-02-11.md"", ""pipeline/01_blue_output.md"", ""pipeline/02_red_output.md"", ""pipeline/03_green_output.md"", ""pipeline/05_white_output.md""]",pipeline/01_blue_output.md,"[""CR-0028-BLUE"", ""CR-0029-BLUE"", ""CR-0030-BLUE"", ""CR-0031-BLUE"", ""CR-0032-BLUE"", ""CR-0033-BLUE"", ""CR-0034-BLUE""]","[]","blue two-day system skeleton published; continuous ticket stream refreshed with white-priority dependencies",""
13,run_2026-02-10_001,blue,red,2026-02-10T23:02:32Z,"[""planning/BLUE_SYSTEM_SKELETON_2026-02-10_to_2026-02-11.md"", ""pipeline/01_blue_output.md"", ""pipeline/05_white_output.md"", ""pipeline/02_red_output.md"", ""pipeline/03_green_output.md""]",pipeline/01_blue_output.md,"[""CR-0035-BLUE"", ""CR-0036-BLUE"", ""CR-0037-BLUE"", ""CR-0038-BLUE"", ""CR-0039-BLUE"", ""CR-0040-BLUE"", ""CR-0041-BLUE""]","[]","blue source-priority addendum published (Velo/Wix/Google Ads/Analytics first); social+scrape+synthetic lanes queued with safeguards",""
14,run_2026-02-10_001,blue,red,2026-02-10T23:03:34Z,"[""planning/BLUE_SYSTEM_SKELETON_2026-02-10_to_2026-02-11.md"", ""planning/MARKET_ANALYSIS_SUITE_ARCHITECTURE.md"", ""pipeline/01_blue_output.md"", ""pipeline/05_white_output.md""]",pipeline/01_blue_output.md,"[""CR-0042-BLUE"", ""CR-0043-BLUE"", ""CR-0044-BLUE"", ""CR-0045-BLUE"", ""CR-0046-BLUE"", ""CR-0047-BLUE""]","[]","blue rust-first analytics posture added; non-pythonic typed-contract ticket stream issued for white/black/red/green/grey",""
15,run_2026-02-10_001,black,white,2026-02-10T23:05:29Z,"[""planning/BLUE_SYSTEM_SKELETON_2026-02-10_to_2026-02-11.md"", ""planning/MARKET_ANALYSIS_SUITE_ARCHITECTURE.md"", ""pipeline/01_blue_output.md"", ""pipeline/02_red_output.md"", ""pipeline/05_white_output.md"", ""planning/RELEASE_GATES_POLICY.md"", ""planning/BUDGET_GUARDRAILS_STANDARD.md"", ""planning/AGENT_ROLE_CONTRACTS.md""]",pipeline/04_black_output.md,"[""CR-0032-BLUE"", ""CR-0036-BLUE"", ""CR-0043-BLUE""]","[]","black fulfilled new blue-issued decision-contract and rust-first architecture constraint requests",""
15,run_2026-02-10_001,white,grey,2026-02-10T23:05:41Z,"[""planning/BLUE_SYSTEM_SKELETON_2026-02-10_to_2026-02-11.md"", ""planning/MARKET_ANALYSIS_SUITE_ARCHITECTURE.md"", ""pipeline/01_blue_output.md"", ""pipeline/05_white_output.md"", ""data/team_ops/change_request_queue.csv""]",pipeline/05_white_output.md,"[""CR-0035-BLUE"", ""CR-0041-BLUE"", ""CR-0042-BLUE"", ""CR-0047-BLUE"", ""CR-WHITE-0004"", ""CR-WHITE-0005""]","[]","white fulfilled immediate Blue priority set for Rust-first typed analytics terminology and confidence caveats; downstream implementation tickets issued to qa_fixer",""
16,run_2026-02-10_001,white,grey,2026-02-10T23:05:41Z,"[""planning/BLUE_SYSTEM_SKELETON_2026-02-10_to_2026-02-11.md"", ""planning/MARKET_ANALYSIS_SUITE_ARCHITECTURE.md"", ""pipeline/01_blue_output.md"", ""pipeline/05_white_output.md"", ""data/team_ops/change_request_queue.csv""]",pipeline/05_white_output.md,"[""CR-0035-BLUE"", ""CR-0041-BLUE"", ""CR-0042-BLUE"", ""CR-0047-BLUE"", ""CR-WHITE-0004"", ""CR-WHITE-0005""]","[]","superseding duplicate entry_id collision at 15; this is the canonical White handoff for the Rust-first terminology/caveat package","15"
17,run_2026-02-10_001,blue,red,2026-02-10T23:06:44Z,"[""pipeline/01_blue_output.md"", ""planning/BLUE_SYSTEM_SKELETON_2026-02-10_to_2026-02-11.md"", ""pipeline/02_red_output.md"", ""pipeline/05_white_output.md"", ""planning/MARKET_ANALYSIS_SUITE_ARCHITECTURE.md""]",pipeline/01_blue_output.md,"[""CR-0048-BLUE"", ""CR-0049-BLUE"", ""CR-0050-BLUE"", ""CR-0051-BLUE"", ""CR-0052-BLUE"", ""CR-0053-BLUE"", ""CR-0054-BLUE""]","[]","blue adversarial-load package issued to red; focus on mixed-signal contamination, webhook poisoning, attribution laundering, and confidence-label misuse",""
18,run_2026-02-10_001,green,black,2026-02-10T23:07:21Z,"[""planning/BLUE_SYSTEM_SKELETON_2026-02-10_to_2026-02-11.md"", ""planning/MARKET_ANALYSIS_SUITE_ARCHITECTURE.md"", ""pipeline/01_blue_output.md"", ""pipeline/03_green_output.md"", ""pipeline/05_white_output.md"", ""teams/green/spec.md""]",pipeline/03_green_output.md,"[""CR-GREEN-0007"", ""CR-GREEN-0008"", ""CR-GREEN-0009""]","[]","green completed CR-0031-BLUE/CR-0038-BLUE/CR-0045-BLUE and issued transition-contract follow-on requests for black/white/grey",""
18,run_2026-02-10_001,white,grey,2026-02-10T23:07:34Z,"[""planning/BLUE_SYSTEM_SKELETON_2026-02-10_to_2026-02-11.md"", ""pipeline/01_blue_output.md"", ""pipeline/05_white_output.md"", ""data/team_ops/change_request_queue.csv""]",pipeline/05_white_output.md,"[""CR-0028-BLUE"", ""CR-0029-BLUE"", ""CR-0034-BLUE"", ""CR-0039-BLUE"", ""CR-WHITE-0006"", ""CR-WHITE-0007""]","[]","white fulfilled glossary/lifecycle confidence/publication-lane boundary wave; downstream QA validators requested",""
19,run_2026-02-10_001,white,grey,2026-02-10T23:07:34Z,"[""planning/BLUE_SYSTEM_SKELETON_2026-02-10_to_2026-02-11.md"", ""pipeline/01_blue_output.md"", ""pipeline/05_white_output.md"", ""data/team_ops/change_request_queue.csv""]",pipeline/05_white_output.md,"[""CR-0028-BLUE"", ""CR-0029-BLUE"", ""CR-0034-BLUE"", ""CR-0039-BLUE"", ""CR-WHITE-0006"", ""CR-WHITE-0007""]","[]","superseding duplicate entry_id collision at 18; canonical White glossary/lifecycle/publication-lane handoff","18"
20,run_2026-02-10_001,white,grey,2026-02-10T23:09:58Z,"[""pipeline/03_green_output.md"", ""pipeline/05_white_output.md"", ""data/team_ops/change_request_queue.csv""]",pipeline/05_white_output.md,"[""CR-GREEN-0008"", ""CR-WHITE-0008""]","[]","white fulfilled continuity template request from green and issued QA validation implementation task",""
20,run_2026-02-10_001,black,white,2026-02-10T23:09:32Z,"[""pipeline/01_blue_output.md"", ""pipeline/02_red_output.md"", ""pipeline/03_green_output.md"", ""planning/BLUE_SYSTEM_SKELETON_2026-02-10_to_2026-02-11.md"", ""planning/MARKET_ANALYSIS_SUITE_ARCHITECTURE.md"", ""planning/RELEASE_GATES_POLICY.md"", ""planning/AGENT_ROLE_CONTRACTS.md""]",pipeline/04_black_output.md,"[""CR-0053-BLUE"", ""CR-GREEN-0007"", ""CR-BLACK-0005"", ""CR-BLACK-0006"", ""CR-BLACK-0007""]","[]","black fulfilled CR-0053-BLUE and CR-GREEN-0007; issued proactive implementation requests supporting blue adversarial-load and rollout safety",""
20,run_2026-02-10_001,blue,red,2026-02-10T23:10:57Z,"[""planning/BLUE_MASTER_CONTRACT_MAP_2026-02-11.md"", ""pipeline/01_blue_output.md"", ""pipeline/02_red_output.md"", ""pipeline/05_white_output.md""]",pipeline/01_blue_output.md,"[""CR-0055-BLUE"", ""CR-0056-BLUE"", ""CR-0057-BLUE"", ""CR-0058-BLUE"", ""CR-0059-BLUE"", ""CR-0060-BLUE"", ""CR-0061-BLUE"", ""CR-0062-BLUE""]","[]","blue master contract-map wave issued; red given full adversarial package with black/white/grey follow-through",""
21,run_2026-02-10_001,white,grey,2026-02-10T23:11:15Z,"[""planning/BLUE_MASTER_CONTRACT_MAP_2026-02-11.md"", ""pipeline/01_blue_output.md"", ""pipeline/05_white_output.md"", ""data/team_ops/change_request_queue.csv""]",pipeline/05_white_output.md,"[""CR-0061-BLUE"", ""CR-WHITE-0009""]","[]","white fulfilled causal-overstatement terminology/caveat constraints and issued QA validation task",""
21,run_2026-02-10_001,blue,red,2026-02-10T23:11:53Z,"[""planning/BLUE_MASTER_CONTRACT_MAP_2026-02-11.md"", ""pipeline/01_blue_output.md"", ""pipeline/02_red_output.md"", ""pipeline/05_white_output.md""]",pipeline/01_blue_output.md,"[""CR-0063-BLUE"", ""CR-0064-BLUE"", ""CR-0065-BLUE"", ""CR-0066-BLUE"", ""CR-0067-BLUE"", ""CR-0068-BLUE"", ""CR-0069-BLUE"", ""CR-0070-BLUE""]","[]","blue red-capacity extension wave issued for measurement-integrity adversarial risks",""
21,run_2026-02-10_001,green,black,2026-02-10T23:11:23Z,"[""planning/BLUE_MASTER_CONTRACT_MAP_2026-02-11.md"", ""planning/BLUE_SYSTEM_SKELETON_2026-02-10_to_2026-02-11.md"", ""pipeline/01_blue_output.md"", ""pipeline/02_red_output.md"", ""pipeline/03_green_output.md"", ""pipeline/05_white_output.md"", ""teams/green/spec.md""]",pipeline/03_green_output.md,"[""CR-GREEN-0010"", ""CR-GREEN-0011"", ""CR-GREEN-0012""]","[]","green proactive scope-creep package added to improve practical operator usefulness while preserving safety controls; downstream black/white/grey requests issued",""
22,run_2026-02-10_001,white,grey,2026-02-10T23:12:01Z,"[""planning/BLUE_MASTER_CONTRACT_MAP_2026-02-11.md"", ""pipeline/03_green_output.md"", ""pipeline/05_white_output.md"", ""data/team_ops/change_request_queue.csv""]",pipeline/05_white_output.md,"[""CR-0069-BLUE"", ""CR-GREEN-0011"", ""CR-WHITE-0010"", ""CR-WHITE-0011""]","[]","white fulfilled metric anti-overstatement and operator trust-delta template wave; qa validation tasks issued",""
23,run_2026-02-10_001,white,grey,2026-02-10T23:12:53Z,"[""pipeline/06_grey_output.md"", ""pipeline/03_green_output.md"", ""pipeline/05_white_output.md"", ""data/team_ops/change_request_queue.csv""]",pipeline/05_white_output.md,"[""CR-GREY-0004"", ""CR-WHITE-0012""]","[]","white fulfilled grey integration-language addendum request and issued QA validation task",""
23,run_2026-02-10_001,blue,red,2026-02-10T23:13:56Z,"[""pipeline/03_green_output.md"", ""planning/BLUE_MASTER_CONTRACT_MAP_2026-02-11.md"", ""pipeline/01_blue_output.md"", ""pipeline/02_red_output.md"", ""pipeline/05_white_output.md""]",pipeline/01_blue_output.md,"[""CR-0071-BLUE"", ""CR-0072-BLUE"", ""CR-0073-BLUE"", ""CR-0074-BLUE"", ""CR-0075-BLUE"", ""CR-0076-BLUE"", ""CR-0077-BLUE"", ""CR-0078-BLUE""]","[]","blue green-alignment wave issued; usability-safety integration package loaded with red-heavy abuse testing and downstream hardening tasks",""
22,run_2026-02-10_001,green,black,2026-02-10T23:14:21Z,"[""pipeline/03_green_output.md"", ""pipeline/04_black_output.md"", ""pipeline/05_white_output.md"", ""pipeline/06_grey_output.md"", ""planning/BLUE_MASTER_CONTRACT_MAP_2026-02-11.md"", ""planning/BLUE_SYSTEM_SKELETON_2026-02-10_to_2026-02-11.md"", ""planning/MARKET_ANALYSIS_SUITE_ARCHITECTURE.md"", ""teams/green/spec.md""]",pipeline/03_green_output.md,"[""CR-GREEN-0013"", ""CR-GREEN-0014"", ""CR-GREEN-0015""]","[]","green completed CR-0076-BLUE + CR-GREY-0001/0002/0006 and issued higher-granularity downstream requests",""
24,run_2026-02-10_001,white,grey,2026-02-10T23:14:58Z,"[""pipeline/02_red_output.md"", ""pipeline/07_qa_fix_log.md"", ""pipeline/05_white_output.md"", ""data/team_ops/change_request_queue.csv""]",pipeline/05_white_output.md,"[""CR-WHITE-0013"", ""CR-WHITE-0014""]","[]","white big-picture clarity pass published for Red and qa_fixer: trigger normalization + QA evidence matrix contract",""
